{
  "All Users": {
    "months": [
      "2023-04",
      "2023-05",
      "2023-06",
      "2023-07",
      "2023-08",
      "2023-09",
      "2023-10",
      "2023-11"
    ],
    "n_sessions": [
      50344,
      103660,
      100452,
      77133,
      58945,
      48289,
      61436,
      74778
    ],
    "s_D": [
      0.1597162060665926,
      0.4772505876615336,
      0.2345447313471051,
      0.729657818497893,
      0.5304156948653418,
      0.3204811914991112,
      0.4425386496586926,
      0.3133129085811491
    ],
    "s_D_lo": [
      0.10366397477783577,
      0.3425591626534425,
      0.14965112823634927,
      0.640610002264585,
      0.4103578738597961,
      0.24259885107286305,
      0.30761588805490525,
      0.19553343397183895
    ],
    "s_D_hi": [
      0.35796507346153406,
      0.6008012247142243,
      0.4037762177874449,
      0.7988718570027349,
      0.6443791273461923,
      0.4781042198108431,
      0.5506104971644534,
      0.46974224558872885
    ],
    "HIQ": [
      0.1663379428389595,
      0.3601514964955536,
      0.2516341713043356,
      0.5904515896216224,
      0.3931618756105255,
      0.3085811613545378,
      0.3516445292502129,
      0.3263514882955139
    ],
    "HIQ_lo": [
      0.14004934003477212,
      0.32773624167880555,
      0.2091926328882387,
      0.5691126886636473,
      0.3666571061916238,
      0.2797557875874052,
      0.3150445694497218,
      0.2699034364777679
    ],
    "HIQ_hi": [
      0.20593014634485318,
      0.3797979463975512,
      0.29600074537269233,
      0.6045807109568507,
      0.4111261161533381,
      0.345097234291394,
      0.37092816087241604,
      0.36901825672181193
    ],
    "mean_CI_width_sD": 0.23895751849806748,
    "max_CI_width_sD": 0.2742088116168899,
    "mean_CI_width_HIQ": 0.06312843926736565
  },
  "Global North": {
    "months": [
      "2023-04",
      "2023-05",
      "2023-06",
      "2023-07",
      "2023-08",
      "2023-09",
      "2023-10",
      "2023-11"
    ],
    "n_sessions": [
      29395,
      62941,
      64312,
      51884,
      38758,
      34760,
      50026,
      57758
    ],
    "s_D": [
      0.4052186732124012,
      0.4174248209075279,
      0.7638466322121913,
      0.479058427319901,
      0.3474270365459599,
      0.343029483263553,
      0.7106222629317573,
      0.5843808172475089
    ],
    "s_D_lo": [
      0.2748231480878965,
      0.29793091765274454,
      0.6839147460858098,
      0.3552952699594695,
      0.20573906162378583,
      0.2414146373557021,
      0.6210855892447529,
      0.4608918532459755
    ],
    "s_D_hi": [
      0.5340658985205785,
      0.5379745084710075,
      0.8463770853181373,
      0.6177499004681554,
      0.4774572505098847,
      0.5066173145698795,
      0.7919319554937985,
      0.6883475888272931
    ],
    "HIQ": [
      0.4121837934963905,
      0.3579090306375809,
      0.649947448100806,
      0.4074030185758044,
      0.36013804430189,
      0.3275014455976878,
      0.6006375073397067,
      0.4575106960773479
    ],
    "HIQ_lo": [
      0.35506276153570093,
      0.32110035328539976,
      0.6290934738330032,
      0.370782841881796,
      0.2909073033242806,
      0.2888129668526145,
      0.5771939247341882,
      0.4276107036072683
    ],
    "HIQ_hi": [
      0.44890476184341943,
      0.3823990832844592,
      0.6684340899196397,
      0.43509374694235453,
      0.39754732745489735,
      0.3650094672276231,
      0.6185298005612955,
      0.47628250112252507
    ],
    "mean_CI_width_sD": 0.2324282848653247,
    "max_CI_width_sD": 0.2717181888860989,
    "mean_CI_width_HIQ": 0.0664545561627453
  },
  "Global South": {
    "months": [
      "2023-04",
      "2023-05",
      "2023-06",
      "2023-07",
      "2023-08",
      "2023-09",
      "2023-10",
      "2023-11"
    ],
    "n_sessions": [
      20949,
      40719,
      36140,
      25249,
      20187,
      13529,
      11410,
      17020
    ],
    "s_D": [
      0.0657521118292758,
      0.0434762781955533,
      0.3600129759463892,
      0.1480548361849874,
      0.4795648170760138,
      0.2212852558534901,
      0.2801484315979463,
      0.7841913547097484
    ],
    "s_D_lo": [
      0.055519312218321785,
      0.025965991128316296,
      0.2505891659708536,
      0.09707085316730073,
      0.36909861724433773,
      0.159203218914345,
      0.20097618732904227,
      0.6999646517905639
    ],
    "s_D_hi": [
      0.37403020043007146,
      0.42516328255615404,
      0.5297224700369342,
      0.4001554935026546,
      0.5995850623229242,
      0.4136060624216922,
      0.46708361769604284,
      0.8530390218247232
    ],
    "HIQ": [
      0.1096871651627198,
      0.0793815992598541,
      0.282107016312753,
      0.2067744298207544,
      0.3231187307603409,
      0.2441465274253226,
      0.287841475471413,
      0.5938807917503817
    ],
    "HIQ_lo": [
      0.09948956064515882,
      0.056272110239276564,
      0.25322476964732393,
      0.16614765311637722,
      0.30276468891798836,
      0.21352420978894068,
      0.2536228915754697,
      0.5763726948272774
    ],
    "HIQ_hi": [
      0.20249027186699414,
      0.17499667106272204,
      0.30787021951801413,
      0.292587479440983,
      0.33832868542087224,
      0.2945100739579646,
      0.33356171101859194,
      0.6062321659780054
    ],
    "mean_CI_width_sD": 0.2754996516285144,
    "max_CI_width_sD": 0.3991972914278378,
    "mean_CI_width_HIQ": 0.07864483743829187
  },
  "LLM-Represented": {
    "months": [
      "2023-04",
      "2023-05",
      "2023-06",
      "2023-07",
      "2023-08",
      "2023-09",
      "2023-10",
      "2023-11"
    ],
    "n_sessions": [
      46655,
      95077,
      90552,
      71253,
      54104,
      43996,
      57063,
      65689
    ],
    "s_D": [
      0.4118940565224013,
      0.5041346010692308,
      0.2336227348262994,
      0.749293026554567,
      0.5122103840019359,
      0.3517932275569113,
      0.5485472750741747,
      0.3886628221662541
    ],
    "s_D_lo": [
      0.28096381187544706,
      0.36796154662549063,
      0.1572564837229944,
      0.6634433201528738,
      0.3700498609336127,
      0.25731198499082675,
      0.4318016564087832,
      0.2683182949123228
    ],
    "s_D_hi": [
      0.5586683932942355,
      0.6144426931670922,
      0.40469108872428455,
      0.8159178477060128,
      0.652889421025675,
      0.5059351471852447,
      0.638367684556374,
      0.5289535441958567
    ],
    "HIQ": [
      0.2510496305054007,
      0.3775568335522306,
      0.2254866985941787,
      0.6098128340070813,
      0.3949314447921476,
      0.3019027382397566,
      0.4323971652141206,
      0.3628555826889875
    ],
    "HIQ_lo": [
      0.22933595560458145,
      0.34562563477265495,
      0.19501793466006656,
      0.5891318012473234,
      0.3594419284269244,
      0.27320526917357657,
      0.403715948252122,
      0.31840931883056534
    ],
    "HIQ_hi": [
      0.2652053182111831,
      0.39527147395229456,
      0.2609791831519793,
      0.6236274310912301,
      0.41808436115972536,
      0.33072587824371397,
      0.44899662573772975,
      0.3954989917649959
    ],
    "mean_CI_width_sD": 0.24034485752905302,
    "max_CI_width_sD": 0.28283956009206235,
    "mean_CI_width_HIQ": 0.053063184043129666
  },
  "LLM-Underrepresented": {
    "months": [
      "2023-04",
      "2023-05",
      "2023-06",
      "2023-07",
      "2023-08",
      "2023-09",
      "2023-10",
      "2023-11"
    ],
    "n_sessions": [
      3689,
      8583,
      9900,
      5880,
      4841,
      4293,
      4373,
      9089
    ],
    "s_D": [
      0.672999384441933,
      0.7086701573308705,
      0.4913686457390887,
      0.4723985734696858,
      0.4754372236842898,
      0.4266264102482252,
      0.4066779119840574,
      0.5788566854690174
    ],